stat,time,ssboe,into,inth,intl,intc,intvwap,intv,intoi,v,oi
Ok,22-08-2025 15:15:00,1755855900,1821.60,1826.00,1819.80,1821.00,1821.87,21151,0,202004,0
Ok,22-08-2025 15:00:00,1755855000,1820.60,1821.70,1818.20,1820.10,1819.97,16191,0,180853,0
Ok,22-08-2025 14:45:00,1755854100,1821.90,1822.40,1820.10,1820.50,1821.07,5707,0,164662,0
Ok,22-08-2025 14:30:00,1755853200,1822.10,1823.30,1820.00,1822.00,1821.26,6210,0,158955,0
Ok,22-08-2025 14:15:00,1755852300,1822.80,1825.20,1822.00,1822.00,1822.94,6295,0,152745,0
Ok,22-08-2025 14:00:00,1755851400,1827.50,1827.50,1823.00,1823.00,1824.59,8305,0,146450,0
Ok,22-08-2025 13:45:00,1755850500,1828.10,1829.60,1827.10,1829.10,1828.02,2474,0,138145,0
Ok,22-08-2025 13:30:00,1755849600,1826.40,1828.50,1826.30,1827.30,1827.91,1523,0,135671,0
Ok,22-08-2025 13:15:00,1755848700,1825.40,1827.20,1824.60,1827.20,1826.02,2262,0,134148,0
Ok,22-08-2025 13:00:00,1755847800,1830.00,1830.00,1821.30,1825.20,1823.05,28526,0,131886,0
Ok,22-08-2025 12:45:00,1755846900,1829.70,1830.00,1829.50,1829.90,1829.52,1991,0,103360,0
Ok,22-08-2025 12:30:00,1755846000,1829.40,1830.00,1828.50,1830.00,1829.76,2535,0,101369,0
Ok,22-08-2025 12:15:00,1755845100,1828.80,1830.00,1826.00,1829.30,1828.50,5897,0,98834,0
Ok,22-08-2025 12:00:00,1755844200,1829.50,1830.00,1828.70,1828.70,1829.16,3136,0,92937,0
Ok,22-08-2025 11:45:00,1755843300,1829.40,1830.50,1828.60,1830.00,1829.75,4361,0,89801,0
Ok,22-08-2025 11:30:00,1755842400,1833.90,1835.10,1826.00,1829.10,1830.16,7559,0,85440,0
Ok,22-08-2025 11:15:00,1755841500,1834.00,1834.80,1830.10,1834.80,1832.18,4967,0,77881,0
Ok,22-08-2025 11:00:00,1755840600,1834.20,1835.40,1830.00,1833.90,1833.12,7871,0,72914,0
Ok,22-08-2025 10:45:00,1755839700,1839.30,1841.30,1834.20,1834.80,1837.09,4551,0,65043,0
Ok,22-08-2025 10:30:00,1755838800,1840.00,1842.00,1838.80,1839.80,1840.11,2605,0,60492,0
Ok,22-08-2025 10:15:00,1755837900,1842.70,1844.00,1838.40,1840.40,1840.44,3380,0,57887,0
Ok,22-08-2025 10:00:00,1755837000,1842.00,1843.80,1838.00,1843.70,1840.91,2987,0,54507,0
Ok,22-08-2025 09:45:00,1755836100,1841.30,1844.00,1838.00,1840.60,1841.75,9641,0,51520,0
Ok,22-08-2025 09:30:00,1755835200,1845.00,1845.00,1833.30,1841.40,1837.93,13162,0,41879,0
Ok,22-08-2025 09:15:00,1755834300,1850.90,1860.00,1844.40,1845.30,1852.15,28717,0,28717,0
Ok,21-08-2025 15:15:00,1755769500,1848.20,1850.00,1848.20,1850.00,1849.57,11834,0,164915,0
Ok,21-08-2025 15:00:00,1755768600,1848.50,1850.00,1847.00,1848.00,1850.12,16286,0,153081,0
Ok,21-08-2025 14:45:00,1755767700,1849.90,1850.00,1847.00,1848.90,1848.53,4176,0,136795,0
Ok,21-08-2025 14:30:00,1755766800,1854.00,1854.00,1848.50,1849.10,1850.86,14008,0,132619,0
Ok,21-08-2025 14:15:00,1755765900,1857.00,1857.00,1852.20,1854.00,1854.88,8501,0,118611,0
Ok,21-08-2025 14:00:00,1755765000,1856.00,1860.00,1855.90,1856.90,1856.84,9113,0,110110,0
Ok,21-08-2025 13:45:00,1755764100,1859.00,1860.00,1855.00,1856.50,1857.00,5660,0,100997,0
Ok,21-08-2025 13:30:00,1755763200,1861.30,1862.50,1859.20,1859.20,1860.50,4796,0,95337,0
Ok,21-08-2025 13:15:00,1755762300,1859.20,1863.10,1859.20,1861.00,1861.90,4736,0,90541,0
Ok,21-08-2025 13:00:00,1755761400,1857.20,1861.10,1857.20,1860.00,1859.07,3502,0,85805,0
Ok,21-08-2025 12:45:00,1755760500,1858.10,1859.00,1857.00,1857.30,1857.22,1847,0,82303,0
Ok,21-08-2025 12:30:00,1755759600,1856.00,1860.00,1856.00,1858.20,1857.81,1286,0,80456,0
Ok,21-08-2025 12:15:00,1755758700,1861.00,1861.00,1855.90,1856.80,1858.11,5756,0,79170,0
Ok,21-08-2025 12:00:00,1755757800,1861.40,1862.30,1860.40,1861.20,1860.96,2737,0,73414,0
Ok,21-08-2025 11:45:00,1755756900,1864.70,1866.00,1860.10,1861.90,1863.53,3512,0,70677,0
Ok,21-08-2025 11:30:00,1755756000,1866.40,1866.40,1863.20,1864.00,1864.57,2223,0,67165,0
Ok,21-08-2025 11:15:00,1755755100,1864.70,1866.50,1864.50,1866.50,1865.64,3651,0,64942,0
Ok,21-08-2025 11:00:00,1755754200,1863.40,1866.80,1861.90,1865.80,1864.53,5851,0,61291,0
Ok,21-08-2025 10:45:00,1755753300,1861.10,1863.80,1859.80,1862.90,1861.57,4449,0,55440,0
Ok,21-08-2025 10:30:00,1755752400,1863.00,1863.90,1859.00,1860.80,1859.89,5826,0,50991,0
Ok,21-08-2025 10:15:00,1755751500,1860.20,1864.60,1858.10,1863.60,1860.27,6037,0,45165,0
Ok,21-08-2025 10:00:00,1755750600,1859.50,1861.50,1859.00,1859.50,1860.64,3040,0,39128,0
Ok,21-08-2025 09:45:00,1755749700,1859.00,1862.10,1858.00,1859.60,1860.63,5785,0,36088,0
Ok,21-08-2025 09:30:00,1755748800,1860.00,1864.20,1858.10,1859.30,1861.44,9822,0,30303,0
Ok,21-08-2025 09:15:00,1755747900,1870.00,1871.90,1860.00,1861.00,1864.12,20481,0,20481,0
Ok,20-08-2025 15:15:00,1755683100,1862.00,1865.00,1860.50,1862.10,1863.22,12285,0,145265,0
Ok,20-08-2025 15:00:00,1755682200,1862.10,1864.90,1861.00,1863.60,1862.88,6995,0,132980,0
Ok,20-08-2025 14:45:00,1755681300,1866.90,1866.90,1860.00,1861.80,1862.50,6282,0,125985,0
Ok,20-08-2025 14:30:00,1755680400,1865.70,1867.00,1865.20,1865.60,1866.60,1685,0,119703,0
Ok,20-08-2025 14:15:00,1755679500,1859.60,1867.00,1859.60,1867.00,1862.90,6991,0,118018,0
Ok,20-08-2025 14:00:00,1755678600,1858.90,1859.80,1858.90,1859.50,1859.58,2208,0,111027,0
Ok,20-08-2025 13:45:00,1755677700,1857.70,1859.80,1856.10,1859.80,1858.59,4511,0,108819,0
Ok,20-08-2025 13:30:00,1755676800,1856.00,1858.80,1855.90,1858.00,1857.90,4190,0,104308,0
Ok,20-08-2025 13:15:00,1755675900,1862.30,1863.00,1855.00,1855.00,1859.25,5404,0,100118,0
Ok,20-08-2025 13:00:00,1755675000,1863.20,1864.00,1861.20,1862.10,1862.36,2789,0,94714,0
Ok,20-08-2025 12:45:00,1755674100,1866.00,1866.40,1863.20,1864.00,1865.16,5252,0,91925,0
Ok,20-08-2025 12:30:00,1755673200,1867.80,1867.90,1866.00,1867.00,1866.73,876,0,86673,0
Ok,20-08-2025 12:15:00,1755672300,1868.30,1869.40,1866.00,1867.60,1868.02,2535,0,85797,0
Ok,20-08-2025 12:00:00,1755671400,1866.30,1870.00,1865.50,1867.20,1867.42,3946,0,83262,0
Ok,20-08-2025 11:45:00,1755670500,1864.80,1867.20,1863.00,1866.50,1864.73,4578,0,79316,0
Ok,20-08-2025 11:30:00,1755669600,1868.20,1869.90,1864.40,1866.00,1868.16,3905,0,74738,0
Ok,20-08-2025 11:15:00,1755668700,1864.90,1869.70,1863.90,1869.00,1866.17,5935,0,70833,0
Ok,20-08-2025 11:00:00,1755667800,1869.00,1869.40,1865.00,1865.50,1867.09,3728,0,64898,0
Ok,20-08-2025 10:45:00,1755666900,1862.50,1869.60,1862.50,1868.20,1866.11,3465,0,61170,0
Ok,20-08-2025 10:30:00,1755666000,1867.50,1867.60,1863.00,1863.00,1865.07,3622,0,57705,0
Ok,20-08-2025 10:15:00,1755665100,1859.90,1871.00,1859.30,1867.60,1865.54,13176,0,54083,0
Ok,20-08-2025 10:00:00,1755664200,1857.90,1860.50,1857.00,1859.30,1859.10,3905,0,40907,0
Ok,20-08-2025 09:45:00,1755663300,1854.00,1861.90,1854.00,1858.90,1858.12,10657,0,37002,0
Ok,20-08-2025 09:30:00,1755662400,1850.10,1853.60,1848.00,1853.60,1850.56,8270,0,26345,0
Ok,20-08-2025 09:15:00,1755661500,1869.50,1869.50,1848.00,1848.60,1857.69,16662,0,18075,0
Ok,19-08-2025 15:15:00,1755596700,1861.50,1870.00,1855.00,1870.00,1859.23,21795,0,1413,0
Ok,19-08-2025 15:00:00,1755595800,1857.80,1861.50,1857.00,1860.80,1859.91,17784,0,352171,0
Ok,19-08-2025 14:45:00,1755594900,1859.60,1860.50,1856.00,1857.00,1858.22,6969,0,334387,0
Ok,19-08-2025 14:30:00,1755594000,1859.60,1863.90,1859.60,1860.00,1861.76,5972,0,327418,0
Ok,19-08-2025 14:15:00,1755593100,1852.10,1860.90,1852.10,1860.90,1855.99,5366,0,321446,0
Ok,19-08-2025 14:00:00,1755592200,1859.50,1859.70,1853.00,1854.20,1855.35,10144,0,316080,0
Ok,19-08-2025 13:45:00,1755591300,1863.40,1863.90,1858.50,1858.50,1860.34,7054,0,305936,0
Ok,19-08-2025 13:30:00,1755590400,1864.90,1866.00,1862.40,1863.50,1864.67,7411,0,298882,0
Ok,19-08-2025 13:15:00,1755589500,1859.40,1865.00,1857.60,1864.60,1860.85,9233,0,291471,0
Ok,19-08-2025 13:00:00,1755588600,1859.00,1861.90,1857.00,1857.60,1859.39,6690,0,282238,0
Ok,19-08-2025 12:45:00,1755587700,1861.10,1861.10,1856.60,1859.50,1859.05,6802,0,275548,0
Ok,19-08-2025 12:30:00,1755586800,1867.90,1868.90,1860.00,1860.10,1864.85,12821,0,268746,0
Ok,19-08-2025 12:15:00,1755585900,1867.00,1868.00,1866.10,1867.60,1867.25,4529,0,255925,0
Ok,19-08-2025 12:00:00,1755585000,1866.30,1867.90,1865.20,1867.60,1866.34,6469,0,251396,0
Ok,19-08-2025 11:45:00,1755584100,1865.70,1866.50,1864.80,1866.00,1865.64,3272,0,244927,0
Ok,19-08-2025 11:30:00,1755583200,1866.00,1866.80,1864.90,1865.10,1865.93,6372,0,241655,0
Ok,19-08-2025 11:15:00,1755582300,1865.80,1867.10,1860.00,1865.60,1863.17,13255,0,235283,0
Ok,19-08-2025 11:00:00,1755581400,1866.80,1868.20,1865.00,1865.20,1867.22,19578,0,222028,0
Ok,19-08-2025 10:45:00,1755580500,1869.00,1869.80,1865.00,1868.00,1867.60,15215,0,202450,0
Ok,19-08-2025 10:30:00,1755579600,1859.00,1871.50,1859.00,1868.90,1866.88,74556,0,187235,0
Ok,19-08-2025 10:15:00,1755578700,1854.90,1860.40,1854.80,1859.30,1858.35,30736,0,112679,0
Ok,19-08-2025 10:00:00,1755577800,1851.60,1856.00,1846.70,1855.40,1852.23,13609,0,81943,0
Ok,19-08-2025 09:45:00,1755576900,1846.50,1850.00,1841.20,1848.40,1845.65,11648,0,68334,0
Ok,19-08-2025 09:30:00,1755576000,1849.20,1849.40,1841.10,1847.90,1845.49,16319,0,56686,0
Ok,19-08-2025 09:15:00,1755575100,1847.80,1857.80,1843.00,1850.00,1850.81,39411,0,40367,0
Ok,18-08-2025 15:15:00,1755510300,1846.90,1848.00,1837.00,1848.00,1842.50,37592,0,956,0
Ok,18-08-2025 15:00:00,1755509400,1849.30,1849.30,1844.70,1846.00,1846.20,13154,0,483274,0
Ok,18-08-2025 14:45:00,1755508500,1848.00,1850.20,1845.50,1849.40,1847.33,16744,0,470120,0
Ok,18-08-2025 14:30:00,1755507600,1844.20,1848.00,1843.80,1847.60,1845.60,10200,0,453376,0
Ok,18-08-2025 14:15:00,1755506700,1841.30,1845.40,1839.20,1845.10,1841.51,9970,0,443176,0
Ok,18-08-2025 14:00:00,1755505800,1847.40,1848.30,1841.20,1842.10,1844.91,6912,0,433206,0
Ok,18-08-2025 13:45:00,1755504900,1848.70,1849.90,1844.10,1847.90,1847.49,6239,0,426294,0
Ok,18-08-2025 13:30:00,1755504000,1849.50,1850.70,1847.40,1848.50,1849.69,17142,0,420055,0
Ok,18-08-2025 13:15:00,1755503100,1848.30,1851.50,1846.70,1849.00,1850.10,10548,0,402913,0
Ok,18-08-2025 13:00:00,1755502200,1846.80,1848.80,1845.30,1848.20,1846.70,7803,0,392365,0
Ok,18-08-2025 12:45:00,1755501300,1849.00,1849.00,1845.80,1846.90,1846.65,4344,0,384562,0
Ok,18-08-2025 12:30:00,1755500400,1847.70,1849.70,1845.40,1849.20,1847.23,7646,0,380218,0
Ok,18-08-2025 12:15:00,1755499500,1842.00,1849.90,1838.30,1847.90,1844.45,14482,0,372572,0
Ok,18-08-2025 12:00:00,1755498600,1847.80,1849.00,1842.00,1843.00,1845.55,12319,0,358090,0
Ok,18-08-2025 11:45:00,1755497700,1851.60,1851.80,1846.00,1847.70,1849.96,20546,0,345771,0
Ok,18-08-2025 11:30:00,1755496800,1843.30,1852.80,1841.00,1852.00,1847.53,19198,0,325225,0
Ok,18-08-2025 11:15:00,1755495900,1842.80,1846.90,1841.00,1843.60,1843.59,8389,0,306027,0
Ok,18-08-2025 11:00:00,1755495000,1847.90,1851.50,1841.00,1842.70,1847.49,25207,0,297638,0
Ok,18-08-2025 10:45:00,1755494100,1843.20,1849.50,1842.60,1847.00,1846.46,20602,0,272431,0
Ok,18-08-2025 10:30:00,1755493200,1843.90,1847.90,1841.50,1844.70,1844.44,16968,0,251829,0
Ok,18-08-2025 10:15:00,1755492300,1839.20,1845.90,1838.10,1844.00,1842.78,28075,0,234861,0
Ok,18-08-2025 10:00:00,1755491400,1830.00,1844.50,1830.00,1840.10,1839.81,52762,0,206786,0
Ok,18-08-2025 09:45:00,1755490500,1826.40,1833.50,1826.40,1829.70,1828.51,39877,0,154024,0
Ok,18-08-2025 09:30:00,1755489600,1815.10,1829.30,1815.00,1827.00,1822.87,62481,0,114147,0
Ok,18-08-2025 09:15:00,1755488700,1819.20,1829.00,1812.30,1818.00,1819.20,45830,0,51666,0
Ok,14-08-2025 15:15:00,1755164700,1782.70,1829.00,1781.00,1829.00,1782.14,19071,0,5836,0
Ok,14-08-2025 15:00:00,1755163800,1785.80,1785.80,1782.40,1783.50,1784.13,6749,0,104893,0
Ok,14-08-2025 14:45:00,1755162900,1785.00,1786.90,1784.30,1785.90,1785.03,5422,0,98144,0
Ok,14-08-2025 14:30:00,1755162000,1785.20,1787.00,1783.60,1786.10,1785.40,3939,0,92722,0
Ok,14-08-2025 14:15:00,1755161100,1787.00,1787.50,1784.10,1785.10,1785.74,2796,0,88783,0
Ok,14-08-2025 14:00:00,1755160200,1785.00,1787.00,1784.70,1786.90,1786.08,2013,0,85987,0
Ok,14-08-2025 13:45:00,1755159300,1786.20,1786.30,1783.50,1784.60,1785.02,2780,0,83974,0
Ok,14-08-2025 13:30:00,1755158400,1783.00,1786.10,1782.00,1786.10,1783.33,2677,0,81194,0
Ok,14-08-2025 13:15:00,1755157500,1783.10,1783.80,1780.70,1783.30,1781.59,10352,0,78517,0
Ok,14-08-2025 13:00:00,1755156600,1785.10,1785.80,1782.00,1783.10,1783.16,3975,0,68165,0
Ok,14-08-2025 12:45:00,1755155700,1787.00,1787.30,1784.10,1785.80,1785.24,2914,0,64190,0
Ok,14-08-2025 12:30:00,1755154800,1786.40,1788.90,1785.00,1787.40,1785.89,2284,0,61276,0
Ok,14-08-2025 12:15:00,1755153900,1786.10,1788.40,1786.10,1786.20,1787.72,1647,0,58992,0
Ok,14-08-2025 12:00:00,1755153000,1787.80,1787.80,1786.00,1786.00,1786.59,1097,0,57345,0
Ok,14-08-2025 11:45:00,1755152100,1784.00,1786.80,1783.20,1786.00,1784.62,2237,0,56248,0
Ok,14-08-2025 11:30:00,1755151200,1785.60,1786.80,1783.80,1783.80,1785.20,2343,0,54011,0
Ok,14-08-2025 11:15:00,1755150300,1786.30,1787.00,1783.00,1785.90,1785.06,3814,0,51668,0
Ok,14-08-2025 11:00:00,1755149400,1788.00,1789.90,1785.20,1787.00,1787.43,6145,0,47854,0
Ok,14-08-2025 10:45:00,1755148500,1792.30,1792.30,1787.20,1787.60,1788.65,3238,0,41709,0
Ok,14-08-2025 10:30:00,1755147600,1793.90,1793.90,1791.40,1791.40,1792.34,1930,0,38471,0
Ok,14-08-2025 10:15:00,1755146700,1791.20,1795.00,1790.40,1793.10,1793.18,6127,0,36541,0
Ok,14-08-2025 10:00:00,1755145800,1791.00,1791.30,1786.60,1791.30,1788.18,10295,0,30414,0
Ok,14-08-2025 09:45:00,1755144900,1791.70,1792.40,1788.70,1790.00,1791.24,2954,0,20119,0
Ok,14-08-2025 09:30:00,1755144000,1789.20,1794.40,1786.10,1791.60,1789.43,10067,0,17165,0
Ok,14-08-2025 09:15:00,1755143100,1793.00,1797.40,1786.40,1790.20,1792.02,7016,0,7098,0
Ok,13-08-2025 15:15:00,1755078300,1788.70,1789.90,1783.90,1789.90,1785.05,22618,0,82,0
Ok,13-08-2025 15:00:00,1755077400,1790.50,1790.50,1787.30,1789.30,1788.99,10703,0,144917,0
Ok,13-08-2025 14:45:00,1755076500,1790.80,1791.90,1789.20,1789.50,1790.58,6106,0,134214,0
Ok,13-08-2025 14:30:00,1755075600,1789.00,1791.40,1788.10,1790.10,1790.25,3237,0,128108,0
Ok,13-08-2025 14:15:00,1755074700,1787.20,1790.30,1786.90,1789.00,1788.43,3530,0,124871,0
Ok,13-08-2025 14:00:00,1755073800,1786.20,1788.20,1786.00,1788.00,1787.19,2067,0,121341,0
Ok,13-08-2025 13:45:00,1755072900,1786.20,1788.00,1786.00,1786.70,1787.16,1979,0,119274,0
Ok,13-08-2025 13:30:00,1755072000,1785.60,1787.00,1784.40,1786.90,1785.54,4750,0,117295,0
Ok,13-08-2025 13:15:00,1755071100,1789.80,1792.10,1785.10,1785.70,1787.89,9453,0,112545,0
Ok,13-08-2025 13:00:00,1755070200,1788.30,1789.80,1787.30,1789.80,1788.22,7884,0,103092,0
Ok,13-08-2025 12:45:00,1755069300,1786.30,1789.40,1786.00,1787.80,1787.67,1569,0,95208,0
Ok,13-08-2025 12:30:00,1755068400,1786.00,1789.80,1785.00,1786.20,1787.21,5223,0,93639,0
Ok,13-08-2025 12:15:00,1755067500,1786.50,1788.50,1783.90,1785.00,1786.21,3965,0,88416,0
Ok,13-08-2025 12:00:00,1755066600,1783.00,1786.60,1781.60,1786.10,1783.19,6449,0,84451,0
Ok,13-08-2025 11:45:00,1755065700,1786.20,1787.00,1783.00,1783.10,1785.39,7143,0,78002,0
Ok,13-08-2025 11:30:00,1755064800,1790.20,1790.50,1786.10,1786.90,1787.40,9460,0,70859,0
Ok,13-08-2025 11:15:00,1755063900,1790.60,1792.00,1788.50,1791.10,1790.02,7629,0,61399,0
Ok,13-08-2025 11:00:00,1755063000,1789.00,1792.00,1789.00,1790.60,1790.03,2790,0,53770,0
Ok,13-08-2025 10:45:00,1755062100,1789.90,1789.90,1787.70,1789.10,1788.90,6599,0,50980,0
Ok,13-08-2025 10:30:00,1755061200,1792.80,1794.30,1787.60,1790.00,1790.86,5276,0,44381,0
Ok,13-08-2025 10:15:00,1755060300,1789.90,1794.40,1789.50,1792.20,1791.91,3889,0,39105,0
Ok,13-08-2025 10:00:00,1755059400,1792.80,1792.80,1788.50,1791.70,1790.73,4646,0,35216,0
Ok,13-08-2025 09:45:00,1755058500,1792.90,1793.40,1790.60,1792.70,1791.69,3634,0,30570,0
Ok,13-08-2025 09:30:00,1755057600,1792.80,1796.30,1790.60,1792.80,1793.16,16298,0,26936,0
Ok,13-08-2025 09:15:00,1755056700,1793.90,1803.00,1792.00,1792.10,1796.91,10638,0,10638,0
Ok,12-08-2025 15:15:00,1754991900,1788.30,1789.40,1786.20,1788.20,1787.76,12318,0,121567,0
Ok,12-08-2025 15:00:00,1754991000,1786.70,1789.80,1786.10,1788.70,1787.51,6603,0,109249,0
Ok,12-08-2025 14:45:00,1754990100,1790.50,1790.60,1785.20,1787.00,1787.11,4434,0,102646,0
Ok,12-08-2025 14:30:00,1754989200,1791.80,1792.70,1788.40,1790.90,1791.08,1719,0,98212,0
Ok,12-08-2025 14:15:00,1754988300,1791.70,1792.30,1787.90,1791.70,1789.44,6174,0,96493,0
Ok,12-08-2025 14:00:00,1754987400,1793.20,1794.30,1790.50,1791.60,1793.08,2645,0,90319,0
Ok,12-08-2025 13:45:00,1754986500,1792.80,1793.40,1791.10,1793.00,1792.40,1195,0,87674,0
Ok,12-08-2025 13:30:00,1754985600,1794.10,1794.70,1792.40,1793.00,1793.69,1311,0,86479,0
Ok,12-08-2025 13:15:00,1754984700,1796.50,1796.90,1793.10,1794.00,1793.92,1619,0,85168,0
Ok,12-08-2025 13:00:00,1754983800,1799.20,1799.20,1794.10,1796.70,1796.58,2485,0,83549,0
Ok,12-08-2025 12:45:00,1754982900,1797.60,1800.70,1794.80,1798.80,1797.00,6962,0,81064,0
Ok,12-08-2025 12:30:00,1754982000,1793.30,1797.90,1793.30,1797.50,1796.54,4511,0,74102,0
Ok,12-08-2025 12:15:00,1754981100,1794.70,1794.90,1792.00,1793.50,1793.71,4611,0,69591,0
Ok,12-08-2025 12:00:00,1754980200,1794.80,1795.30,1793.50,1794.90,1794.57,977,0,64980,0
Ok,12-08-2025 11:45:00,1754979300,1792.30,1795.70,1790.80,1795.70,1793.12,3545,0,64003,0
Ok,12-08-2025 11:30:00,1754978400,1792.80,1793.00,1790.40,1793.00,1792.05,1293,0,60458,0
Ok,12-08-2025 11:15:00,1754977500,1787.10,1793.00,1787.00,1792.90,1791.11,2313,0,59165,0
Ok,12-08-2025 11:00:00,1754976600,1787.90,1788.70,1786.70,1787.80,1787.75,1321,0,56852,0
Ok,12-08-2025 10:45:00,1754975700,1789.60,1789.60,1786.10,1788.10,1787.38,3291,0,55531,0
Ok,12-08-2025 10:30:00,1754974800,1791.00,1791.40,1787.30,1789.30,1789.38,2427,0,52240,0
Ok,12-08-2025 10:15:00,1754973900,1791.20,1794.50,1790.50,1790.60,1793.21,8393,0,49813,0
Ok,12-08-2025 10:00:00,1754973000,1792.00,1792.60,1788.20,1790.50,1789.06,8603,0,41420,0
Ok,12-08-2025 09:45:00,1754972100,1791.80,1792.50,1788.10,1791.90,1790.46,3409,0,32817,0
Ok,12-08-2025 09:30:00,1754971200,1792.20,1794.90,1789.20,1792.70,1791.03,14670,0,29408,0
Ok,12-08-2025 09:15:00,1754970300,1791.50,1797.60,1789.10,1792.50,1792.80,14555,0,14738,0
Ok,11-08-2025 15:15:00,1754905500,1786.00,1790.00,1784.10,1790.00,1785.29,34993,0,183,0
Ok,11-08-2025 15:00:00,1754904600,1790.80,1790.80,1786.00,1786.80,1788.75,12668,0,140272,0
Ok,11-08-2025 14:45:00,1754903700,1789.40,1791.00,1789.00,1790.50,1790.78,3142,0,127604,0
Ok,11-08-2025 14:30:00,1754902800,1789.20,1791.40,1789.00,1789.30,1790.34,6916,0,124462,0
Ok,11-08-2025 14:15:00,1754901900,1790.20,1792.00,1788.20,1789.00,1789.90,6784,0,117546,0
Ok,11-08-2025 14:00:00,1754901000,1790.00,1792.10,1788.80,1790.30,1790.33,5683,0,110762,0
Ok,11-08-2025 13:45:00,1754900100,1791.90,1793.20,1789.90,1789.90,1791.12,4212,0,105079,0
Ok,11-08-2025 13:30:00,1754899200,1791.10,1791.90,1790.20,1790.60,1791.47,1152,0,100867,0
Ok,11-08-2025 13:15:00,1754898300,1791.40,1791.90,1790.20,1791.00,1790.91,958,0,99715,0
Ok,11-08-2025 13:00:00,1754897400,1788.90,1793.20,1788.90,1791.90,1791.43,4343,0,98757,0
Ok,11-08-2025 12:45:00,1754896500,1789.60,1791.00,1788.90,1789.40,1789.95,1496,0,94414,0
Ok,11-08-2025 12:30:00,1754895600,1789.30,1790.40,1788.00,1789.60,1788.69,2691,0,92918,0
Ok,11-08-2025 12:15:00,1754894700,1791.00,1791.30,1788.60,1789.30,1790.20,1172,0,90227,0
Ok,11-08-2025 12:00:00,1754893800,1789.90,1793.00,1789.90,1790.80,1791.31,3544,0,89055,0
Ok,11-08-2025 11:45:00,1754892900,1786.10,1790.00,1785.10,1789.80,1786.43,3844,0,85511,0
Ok,11-08-2025 11:30:00,1754892000,1791.30,1793.60,1786.10,1786.80,1788.27,5898,0,81667,0
Ok,11-08-2025 11:15:00,1754891100,1791.00,1794.10,1790.20,1791.30,1792.88,3770,0,75769,0
Ok,11-08-2025 11:00:00,1754890200,1791.00,1795.20,1790.90,1791.10,1793.72,6591,0,71999,0
Ok,11-08-2025 10:45:00,1754889300,1790.20,1793.80,1789.30,1790.00,1791.55,5306,0,65408,0
Ok,11-08-2025 10:30:00,1754888400,1789.40,1792.00,1789.00,1790.80,1790.39,5681,0,60102,0
Ok,11-08-2025 10:15:00,1754887500,1790.40,1792.00,1788.50,1790.90,1790.32,4642,0,54421,0
Ok,11-08-2025 10:00:00,1754886600,1789.80,1791.70,1788.20,1789.90,1790.00,5530,0,49779,0
Ok,11-08-2025 09:45:00,1754885700,1785.00,1789.80,1781.00,1789.00,1784.10,13924,0,44249,0
Ok,11-08-2025 09:30:00,1754884800,1789.60,1789.60,1783.00,1785.20,1785.58,12117,0,30325,0
Ok,11-08-2025 09:15:00,1754883900,1793.10,1795.80,1782.50,1789.50,1860.27,17514,0,18208,0
Ok,08-08-2025 15:15:00,1754646300,1792.00,1794.00,1782.00,1794.00,1786.13,40600,0,694,0
Ok,08-08-2025 15:00:00,1754645400,1793.40,1799.00,1792.10,1792.30,1795.28,11792,0,142031,0
Ok,08-08-2025 14:45:00,1754644500,1798.10,1798.10,1792.30,1792.30,1793.48,8941,0,130239,0
Ok,08-08-2025 14:30:00,1754643600,1797.50,1798.00,1793.50,1798.00,1794.91,8241,0,121298,0
Ok,08-08-2025 14:15:00,1754642700,1794.10,1797.80,1794.10,1796.40,1796.43,3409,0,113057,0
Ok,08-08-2025 14:00:00,1754641800,1797.30,1798.00,1793.20,1794.70,1795.26,4658,0,109648,0
Ok,08-08-2025 13:45:00,1754640900,1797.70,1797.90,1795.00,1796.40,1795.94,6527,0,104990,0
Ok,08-08-2025 13:30:00,1754640000,1798.30,1800.00,1797.10,1797.40,1798.26,4398,0,98463,0
Ok,08-08-2025 13:15:00,1754639100,1799.80,1800.10,1797.70,1797.70,1799.09,3735,0,94065,0
Ok,08-08-2025 13:00:00,1754638200,1802.00,1803.80,1799.00,1799.70,1800.30,7354,0,90330,0
Ok,08-08-2025 12:45:00,1754637300,1800.00,1804.20,1799.20,1802.00,1801.86,2540,0,82976,0
Ok,08-08-2025 12:30:00,1754636400,1802.40,1803.70,1799.00,1799.10,1801.14,6695,0,80436,0
Ok,08-08-2025 12:15:00,1754635500,1802.00,1802.70,1795.90,1801.10,1799.56,7248,0,73741,0
Ok,08-08-2025 12:00:00,1754634600,1805.20,1805.20,1801.00,1802.70,1802.09,7043,0,66493,0
Ok,08-08-2025 11:45:00,1754633700,1808.10,1808.80,1803.00,1803.50,1804.37,6490,0,59450,0
Ok,08-08-2025 11:30:00,1754632800,1807.90,1808.40,1806.00,1808.30,1806.53,2709,0,52960,0
Ok,08-08-2025 11:15:00,1754631900,1811.40,1812.30,1808.00,1808.00,1810.19,3340,0,50251,0
Ok,08-08-2025 11:00:00,1754631000,1807.20,1811.80,1805.50,1811.80,1808.76,2091,0,46911,0
Ok,08-08-2025 10:45:00,1754630100,1807.10,1809.50,1804.20,1806.00,1806.44,4806,0,44820,0
Ok,08-08-2025 10:30:00,1754629200,1807.10,1808.20,1804.20,1806.20,1805.94,2906,0,40014,0
Ok,08-08-2025 10:15:00,1754628300,1803.40,1809.60,1802.50,1806.20,1805.92,4626,0,37108,0
Ok,08-08-2025 10:00:00,1754627400,1806.90,1807.10,1803.30,1804.00,1804.92,4624,0,32482,0
Ok,08-08-2025 09:45:00,1754626500,1811.00,1811.90,1804.50,1806.00,1806.51,11126,0,27858,0
Ok,08-08-2025 09:30:00,1754625600,1817.70,1817.90,1811.00,1811.90,1815.39,6346,0,16732,0
Ok,08-08-2025 09:15:00,1754624700,1818.90,1823.50,1811.00,1818.00,1817.74,10332,0,10386,0
Ok,07-08-2025 15:15:00,1754559900,1817.10,1819.00,1810.60,1819.00,1815.13,31187,0,54,0
Ok,07-08-2025 15:00:00,1754559000,1817.70,1822.80,1815.00,1818.00,1820.97,26216,0,419225,0
Ok,07-08-2025 14:45:00,1754558100,1816.50,1820.50,1815.30,1817.10,1818.02,13730,0,393009,0
Ok,07-08-2025 14:30:00,1754557200,1810.30,1817.00,1810.00,1816.40,1812.70,17806,0,379279,0
Ok,07-08-2025 14:15:00,1754556300,1810.40,1813.80,1810.00,1811.00,1811.33,8120,0,361473,0
Ok,07-08-2025 14:00:00,1754555400,1802.90,1811.00,1802.70,1810.00,1806.79,10961,0,353353,0
Ok,07-08-2025 13:45:00,1754554500,1800.60,1804.00,1800.60,1802.10,1802.98,5347,0,342392,0
Ok,07-08-2025 13:30:00,1754553600,1802.00,1803.30,1796.40,1800.10,1801.40,35711,0,337045,0
Ok,07-08-2025 13:15:00,1754552700,1803.20,1803.40,1800.50,1802.40,1802.62,11075,0,301334,0
Ok,07-08-2025 13:00:00,1754551800,1803.60,1805.10,1802.00,1803.00,1803.48,6360,0,290259,0
Ok,07-08-2025 12:45:00,1754550900,1803.00,1805.50,1802.50,1805.20,1803.83,5821,0,283899,0
Ok,07-08-2025 12:30:00,1754550000,1802.70,1805.60,1800.80,1803.00,1803.05,5908,0,278078,0
Ok,07-08-2025 12:15:00,1754549100,1801.90,1804.00,1800.00,1801.50,1802.03,3739,0,272170,0
Ok,07-08-2025 12:00:00,1754548200,1800.00,1802.10,1799.00,1801.20,1800.36,3508,0,268431,0
Ok,07-08-2025 11:45:00,1754547300,1793.10,1805.60,1792.00,1799.50,1799.76,49118,0,264923,0
Ok,07-08-2025 11:30:00,1754546400,1799.80,1800.00,1790.20,1792.90,1795.65,24181,0,215805,0
Ok,07-08-2025 11:15:00,1754545500,1798.80,1800.70,1798.50,1800.00,1799.83,16863,0,191624,0
Ok,07-08-2025 11:00:00,1754544600,1809.70,1809.80,1797.10,1799.00,1801.58,17905,0,174761,0
Ok,07-08-2025 10:45:00,1754543700,1807.10,1809.80,1804.70,1809.80,1808.00,5158,0,156856,0
Ok,07-08-2025 10:30:00,1754542800,1807.20,1808.50,1805.00,1807.70,1806.38,5280,0,151698,0
Ok,07-08-2025 10:15:00,1754541900,1798.80,1811.00,1797.80,1807.60,1803.58,15252,0,146418,0
Ok,07-08-2025 10:00:00,1754541000,1806.60,1808.10,1798.20,1798.90,1803.90,35562,0,131166,0
Ok,07-08-2025 09:45:00,1754540100,1810.90,1815.00,1805.50,1806.70,1810.60,12244,0,95604,0
Ok,07-08-2025 09:30:00,1754539200,1816.90,1818.00,1808.60,1811.00,1813.11,22860,0,83360,0
Ok,07-08-2025 09:15:00,1754538300,1821.50,1825.40,1811.20,1816.00,1818.19,59661,0,60500,0
Ok,06-08-2025 15:15:00,1754473500,1830.10,1833.00,1826.00,1830.40,1830.50,31332,0,839,0
Ok,06-08-2025 15:00:00,1754472600,1830.00,1830.80,1829.50,1830.00,1830.42,20230,0,663834,0
Ok,06-08-2025 14:45:00,1754471700,1831.90,1832.90,1829.00,1829.70,1831.11,18963,0,643604,0
Ok,06-08-2025 14:30:00,1754470800,1829.10,1832.00,1828.50,1831.00,1830.28,18262,0,624641,0
Ok,06-08-2025 14:15:00,1754469900,1829.50,1830.50,1826.60,1829.20,1828.94,19224,0,606379,0
Ok,06-08-2025 14:00:00,1754469000,1830.00,1830.70,1826.30,1830.00,1829.50,14667,0,587155,0
Ok,06-08-2025 13:45:00,1754468100,1829.20,1830.90,1826.00,1829.90,1829.41,15889,0,572488,0
Ok,06-08-2025 13:30:00,1754467200,1830.40,1831.20,1827.60,1830.10,1829.91,12458,0,556599,0
Ok,06-08-2025 13:15:00,1754466300,1828.30,1831.50,1826.50,1830.00,1829.48,14964,0,544141,0
Ok,06-08-2025 13:00:00,1754465400,1825.70,1831.00,1824.30,1829.00,1828.13,12996,0,529177,0
Ok,06-08-2025 12:45:00,1754464500,1826.60,1830.80,1823.20,1826.10,1827.08,20283,0,516181,0
Ok,06-08-2025 12:30:00,1754463600,1817.40,1828.50,1816.80,1827.60,1823.71,71835,0,495898,0
Ok,06-08-2025 12:15:00,1754462700,1814.80,1819.20,1813.00,1817.20,1816.44,13330,0,424063,0
Ok,06-08-2025 12:00:00,1754461800,1814.00,1816.90,1812.00,1815.00,1814.31,14130,0,410733,0
Ok,06-08-2025 11:45:00,1754460900,1807.40,1818.40,1803.60,1814.10,1811.88,19282,0,396603,0
Ok,06-08-2025 11:30:00,1754460000,1809.90,1812.00,1806.00,1806.90,1808.98,5572,0,377321,0
Ok,06-08-2025 11:15:00,1754459100,1811.00,1812.10,1805.40,1811.50,1809.53,7984,0,371749,0
Ok,06-08-2025 11:00:00,1754458200,1804.30,1811.70,1802.50,1811.20,1805.63,13337,0,363765,0
Ok,06-08-2025 10:45:00,1754457300,1813.50,1815.90,1804.00,1805.90,1809.47,25820,0,350428,0
Ok,06-08-2025 10:30:00,1754456400,1828.20,1828.30,1812.60,1814.80,1819.57,35089,0,324608,0
Ok,06-08-2025 10:15:00,1754455500,1828.10,1835.00,1827.00,1828.30,1832.23,24053,0,289519,0
Ok,06-08-2025 10:00:00,1754454600,1827.60,1834.00,1820.20,1829.00,1825.89,34728,0,265466,0
Ok,06-08-2025 09:45:00,1754453700,1833.00,1835.60,1824.20,1826.70,1829.87,48129,0,230738,0
Ok,06-08-2025 09:30:00,1754452800,1827.50,1838.20,1818.20,1835.10,1828.26,110806,0,182609,0
Ok,06-08-2025 09:15:00,1754451900,1807.10,1830.40,1798.60,1827.70,1818.15,71388,0,71803,0
Ok,05-08-2025 15:15:00,1754387100,1800.00,1807.30,1798.60,1807.20,1803.30,20007,0,415,0
Ok,05-08-2025 15:00:00,1754386200,1798.80,1802.30,1798.00,1799.10,1799.96,16820,0,364828,0
Ok,05-08-2025 14:45:00,1754385300,1798.20,1799.70,1798.00,1798.20,1798.42,8409,0,348008,0
Ok,05-08-2025 14:30:00,1754384400,1800.00,1801.80,1798.00,1798.00,1799.89,11012,0,339599,0
Ok,05-08-2025 14:15:00,1754383500,1798.10,1800.50,1798.00,1800.50,1798.54,9783,0,328587,0
Ok,05-08-2025 14:00:00,1754382600,1801.30,1801.30,1798.00,1798.50,1799.30,5614,0,318804,0
Ok,05-08-2025 13:45:00,1754381700,1801.20,1801.80,1798.60,1801.40,1799.98,1792,0,313190,0
Ok,05-08-2025 13:30:00,1754380800,1800.90,1803.40,1798.90,1802.10,1800.90,3496,0,311398,0
Ok,05-08-2025 13:15:00,1754379900,1804.80,1805.80,1796.00,1800.20,1800.97,19202,0,307902,0
Ok,05-08-2025 13:00:00,1754379000,1804.80,1806.40,1803.00,1804.30,1804.95,4509,0,288700,0
Ok,05-08-2025 12:45:00,1754378100,1805.10,1807.40,1803.00,1804.50,1805.01,12655,0,284191,0
Ok,05-08-2025 12:30:00,1754377200,1798.40,1805.40,1792.70,1803.00,1798.84,78313,0,271536,0
Ok,05-08-2025 12:15:00,1754376300,1798.10,1799.50,1797.10,1797.70,1798.45,1636,0,193223,0
Ok,05-08-2025 12:00:00,1754375400,1799.00,1799.70,1795.70,1797.80,1797.85,9806,0,191587,0
Ok,05-08-2025 11:45:00,1754374500,1799.60,1800.30,1796.10,1798.50,1798.54,15471,0,181781,0
Ok,05-08-2025 11:30:00,1754373600,1791.50,1797.50,1788.00,1797.50,1793.30,14267,0,166310,0
Ok,05-08-2025 11:15:00,1754372700,1789.80,1793.90,1788.80,1790.30,1791.14,7832,0,152043,0
Ok,05-08-2025 11:00:00,1754371800,1790.00,1791.60,1789.30,1790.50,1790.40,3335,0,144211,0
Ok,05-08-2025 10:45:00,1754370900,1789.50,1791.40,1788.10,1790.60,1789.72,20099,0,140876,0
Ok,05-08-2025 10:30:00,1754370000,1789.00,1790.30,1782.00,1789.00,1785.65,40561,0,120777,0
Ok,05-08-2025 10:15:00,1754369100,1788.60,1790.50,1786.40,1787.40,1788.86,7416,0,80216,0
Ok,05-08-2025 10:00:00,1754368200,1784.20,1791.60,1784.00,1787.90,1787.77,9785,0,72800,0
Ok,05-08-2025 09:45:00,1754367300,1796.00,1798.40,1785.00,1785.00,1788.52,24256,0,63015,0
Ok,05-08-2025 09:30:00,1754366400,1796.30,1800.00,1790.50,1799.00,1795.74,19201,0,38759,0
Ok,05-08-2025 09:15:00,1754365500,1796.80,1804.00,1789.90,1798.00,1796.79,19290,0,19558,0
Ok,04-08-2025 15:15:00,1754300700,1789.20,1795.00,1789.20,1795.00,1789.98,24778,0,268,0
Ok,04-08-2025 15:00:00,1754299800,1792.40,1793.00,1788.50,1789.90,1790.37,24550,0,466673,0
Ok,04-08-2025 14:45:00,1754298900,1792.50,1794.00,1791.40,1793.10,1793.61,5389,0,442123,0
Ok,04-08-2025 14:30:00,1754298000,1791.40,1794.90,1789.40,1792.90,1791.86,19131,0,436734,0
Ok,04-08-2025 14:15:00,1754297100,1792.00,1794.80,1788.30,1792.10,1791.13,53915,0,417603,0
Ok,04-08-2025 14:00:00,1754296200,1789.20,1792.20,1787.00,1792.20,1789.81,49473,0,363688,0
Ok,04-08-2025 13:45:00,1754295300,1785.10,1791.50,1785.00,1790.00,1788.30,6526,0,314215,0
Ok,04-08-2025 13:30:00,1754294400,1790.70,1790.80,1785.90,1786.10,1789.61,43319,0,307689,0
Ok,04-08-2025 13:15:00,1754293500,1790.00,1792.80,1789.50,1790.00,1790.67,7419,0,264370,0
Ok,04-08-2025 13:00:00,1754292600,1790.40,1792.20,1789.00,1789.50,1790.82,30874,0,256951,0
Ok,04-08-2025 12:45:00,1754291700,1789.40,1791.80,1786.00,1790.50,1789.62,16879,0,226077,0
Ok,04-08-2025 12:30:00,1754290800,1792.50,1793.00,1789.00,1789.00,1792.41,10347,0,209198,0
Ok,04-08-2025 12:15:00,1754289900,1792.20,1793.00,1789.90,1792.00,1791.60,15553,0,198851,0
Ok,04-08-2025 12:00:00,1754289000,1792.70,1793.50,1790.00,1791.40,1791.26,11424,0,183298,0
Ok,04-08-2025 11:45:00,1754288100,1791.80,1793.50,1790.10,1792.50,1791.98,5815,0,171874,0
Ok,04-08-2025 11:30:00,1754287200,1795.90,1796.60,1790.50,1791.80,1793.59,7331,0,166059,0
Ok,04-08-2025 11:15:00,1754286300,1792.00,1799.60,1790.50,1795.30,1795.66,9336,0,158728,0
Ok,04-08-2025 11:00:00,1754285400,1792.90,1793.70,1791.00,1792.30,1792.08,3244,0,149392,0
Ok,04-08-2025 10:45:00,1754284500,1789.30,1794.00,1785.60,1793.60,1789.90,9349,0,146148,0
Ok,04-08-2025 10:30:00,1754283600,1790.20,1791.20,1789.10,1790.80,1790.52,3219,0,136799,0
Ok,04-08-2025 10:15:00,1754282700,1790.20,1793.10,1788.30,1788.80,1791.26,8685,0,133580,0
Ok,04-08-2025 10:00:00,1754281800,1788.90,1793.00,1786.50,1790.40,1790.01,12451,0,124895,0
Ok,04-08-2025 09:45:00,1754280900,1783.00,1791.90,1780.00,1789.00,1785.54,20664,0,112444,0
Ok,04-08-2025 09:30:00,1754280000,1790.80,1794.60,1780.00,1783.10,1784.90,37229,0,91780,0
Ok,04-08-2025 09:15:00,1754279100,1808.00,1808.00,1785.20,1791.10,1793.11,54551,0,54551,0
Ok,01-08-2025 15:15:00,1754041500,1795.70,1798.80,1794.00,1796.00,1795.92,24615,0,304871,0
Ok,01-08-2025 15:00:00,1754040600,1794.90,1797.50,1791.00,1796.40,1793.16,21711,0,280256,0
Ok,01-08-2025 14:45:00,1754039700,1798.20,1800.00,1794.00,1794.00,1796.55,10071,0,258545,0
Ok,01-08-2025 14:30:00,1754038800,1798.90,1799.00,1795.00,1797.00,1797.30,8762,0,248474,0
Ok,01-08-2025 14:15:00,1754037900,1799.90,1800.00,1797.50,1798.80,1798.43,2983,0,239712,0
Ok,01-08-2025 14:00:00,1754037000,1801.30,1803.40,1798.00,1800.00,1799.84,9595,0,236729,0
Ok,01-08-2025 13:45:00,1754036100,1806.60,1807.60,1801.00,1802.10,1804.96,10890,0,227134,0
Ok,01-08-2025 13:30:00,1754035200,1805.50,1808.00,1801.10,1807.00,1804.76,6050,0,216244,0
Ok,01-08-2025 13:15:00,1754034300,1804.40,1808.30,1803.60,1806.90,1806.30,3440,0,210194,0
Ok,01-08-2025 13:00:00,1754033400,1802.30,1804.50,1800.80,1804.30,1803.29,3373,0,206754,0
Ok,01-08-2025 12:45:00,1754032500,1800.00,1803.10,1799.10,1802.00,1801.44,2183,0,203381,0
Ok,01-08-2025 12:30:00,1754031600,1799.70,1803.30,1799.20,1800.70,1801.00,2308,0,201198,0
Ok,01-08-2025 12:15:00,1754030700,1799.10,1800.10,1798.00,1799.00,1799.53,9021,0,198890,0
Ok,01-08-2025 12:00:00,1754029800,1802.00,1803.60,1799.00,1799.90,1800.28,10253,0,189869,0
Ok,01-08-2025 11:45:00,1754028900,1800.70,1803.00,1800.10,1803.00,1801.89,3535,0,179616,0
Ok,01-08-2025 11:30:00,1754028000,1803.70,1803.90,1800.50,1802.00,1802.22,4749,0,176081,0
Ok,01-08-2025 11:15:00,1754027100,1807.00,1807.90,1802.10,1803.80,1804.67,6619,0,171332,0
Ok,01-08-2025 11:00:00,1754026200,1808.00,1809.00,1807.00,1808.00,1807.76,3007,0,164713,0
Ok,01-08-2025 10:45:00,1754025300,1806.40,1808.00,1805.00,1808.00,1807.82,12472,0,161706,0
Ok,01-08-2025 10:30:00,1754024400,1810.00,1811.20,1807.00,1808.00,1808.14,25529,0,149234,0
Ok,01-08-2025 10:15:00,1754023500,1808.30,1814.00,1804.20,1809.90,1810.32,15141,0,123705,0
Ok,01-08-2025 10:00:00,1754022600,1804.10,1809.50,1802.20,1807.10,1806.30,6751,0,108564,0
Ok,01-08-2025 09:45:00,1754021700,1806.00,1807.40,1804.00,1804.80,1805.52,8288,0,101813,0
Ok,01-08-2025 09:30:00,1754020800,1807.20,1813.90,1804.00,1804.40,1809.25,32297,0,93525,0
Ok,01-08-2025 09:15:00,1754019900,1800.60,1822.00,1794.90,1809.50,1808.24,60533,0,61228,0
Ok,31-07-2025 15:15:00,1753955100,1788.00,1793.00,1783.00,1792.00,1786.37,138597,0,695,0
Ok,31-07-2025 15:00:00,1753954200,1799.50,1800.20,1784.70,1787.90,1790.32,145191,0,1384852,0
Ok,31-07-2025 14:45:00,1753953300,1802.00,1802.50,1797.20,1800.10,1800.52,52530,0,1239661,0
Ok,31-07-2025 14:30:00,1753952400,1808.20,1808.70,1800.00,1802.10,1802.02,74476,0,1187131,0
Ok,31-07-2025 14:15:00,1753951500,1817.50,1817.50,1806.60,1807.60,1813.94,35444,0,1112655,0
Ok,31-07-2025 14:00:00,1753950600,1820.30,1820.50,1815.00,1817.40,1817.62,33616,0,1077211,0
Ok,31-07-2025 13:45:00,1753949700,1823.60,1824.50,1819.00,1820.40,1820.37,46352,0,1043595,0
Ok,31-07-2025 13:30:00,1753948800,1824.70,1827.90,1821.60,1824.30,1824.92,54268,0,997243,0
Ok,31-07-2025 13:15:00,1753947900,1825.00,1825.60,1822.10,1825.60,1823.55,26280,0,942975,0
Ok,31-07-2025 13:00:00,1753947000,1823.30,1825.20,1818.90,1824.90,1822.19,52115,0,916695,0
Ok,31-07-2025 12:45:00,1753946100,1824.00,1824.70,1820.20,1822.50,1821.72,41101,0,864580,0
Ok,31-07-2025 12:30:00,1753945200,1822.70,1826.40,1820.00,1823.20,1823.03,46482,0,823479,0
Ok,31-07-2025 12:15:00,1753944300,1812.00,1824.50,1811.70,1822.80,1819.06,103970,0,776997,0
Ok,31-07-2025 12:00:00,1753943400,1804.80,1812.70,1803.40,1810.90,1808.44,88964,0,673027,0
Ok,31-07-2025 11:45:00,1753942500,1811.00,1814.50,1803.70,1804.00,1810.79,64436,0,584063,0
Ok,31-07-2025 11:30:00,1753941600,1805.90,1811.20,1803.60,1810.90,1808.55,82156,0,519627,0
Ok,31-07-2025 11:15:00,1753940700,1796.40,1806.20,1796.10,1805.30,1802.10,45566,0,437471,0
Ok,31-07-2025 11:00:00,1753939800,1796.80,1800.50,1794.10,1797.00,1798.61,14138,0,391905,0
Ok,31-07-2025 10:45:00,1753938900,1794.50,1800.30,1792.70,1796.90,1796.30,31973,0,377767,0
Ok,31-07-2025 10:30:00,1753938000,1792.00,1794.30,1787.00,1793.50,1790.12,72954,0,345794,0
Ok,31-07-2025 10:15:00,1753937100,1796.00,1797.50,1790.60,1792.30,1793.11,37181,0,272840,0
Ok,31-07-2025 10:00:00,1753936200,1801.00,1801.40,1792.40,1796.30,1795.93,30216,0,235659,0
Ok,31-07-2025 09:45:00,1753935300,1799.00,1802.00,1797.10,1801.40,1799.62,42833,0,205443,0
Ok,31-07-2025 09:30:00,1753934400,1815.00,1816.50,1797.00,1798.30,1804.53,77172,0,162610,0
Ok,31-07-2025 09:15:00,1753933500,1810.30,1815.90,1798.50,1815.20,1807.86,84661,0,85438,0
Ok,30-07-2025 15:15:00,1753868700,1813.10,1813.40,1806.50,1810.10,1809.11,113155,0,777,0
Ok,30-07-2025 15:00:00,1753867800,1814.20,1816.20,1813.00,1813.40,1815.07,60762,0,796206,0
Ok,30-07-2025 14:45:00,1753866900,1812.50,1816.30,1812.30,1813.60,1814.55,35260,0,735444,0
Ok,30-07-2025 14:30:00,1753866000,1821.10,1821.40,1811.30,1812.30,1816.20,46150,0,700184,0
Ok,30-07-2025 14:15:00,1753865100,1818.20,1820.60,1815.00,1820.60,1817.38,23778,0,654034,0
Ok,30-07-2025 14:00:00,1753864200,1816.10,1821.30,1815.50,1818.10,1818.72,17583,0,630256,0
Ok,30-07-2025 13:45:00,1753863300,1819.90,1820.10,1816.00,1816.20,1818.18,10588,0,612673,0
Ok,30-07-2025 13:30:00,1753862400,1821.10,1821.10,1817.00,1820.10,1819.26,17114,0,602085,0
Ok,30-07-2025 13:15:00,1753861500,1825.20,1825.30,1820.30,1820.60,1824.20,29126,0,584971,0
Ok,30-07-2025 13:00:00,1753860600,1825.50,1826.20,1824.50,1825.30,1825.40,18356,0,555845,0
Ok,30-07-2025 12:45:00,1753859700,1826.10,1826.80,1825.00,1825.80,1825.46,9255,0,537489,0
Ok,30-07-2025 12:30:00,1753858800,1826.20,1827.40,1824.20,1826.00,1825.28,34239,0,528234,0
Ok,30-07-2025 12:15:00,1753857900,1825.00,1827.00,1821.80,1825.60,1824.64,43493,0,493995,0
Ok,30-07-2025 12:00:00,1753857000,1819.00,1827.00,1817.20,1825.10,1823.57,57731,0,450502,0
Ok,30-07-2025 11:45:00,1753856100,1827.80,1827.80,1817.70,1819.10,1824.23,36032,0,392771,0
Ok,30-07-2025 11:30:00,1753855200,1826.80,1829.00,1826.00,1827.10,1827.45,18986,0,356739,0
Ok,30-07-2025 11:15:00,1753854300,1826.30,1829.80,1825.60,1827.00,1827.39,22926,0,337753,0
Ok,30-07-2025 11:00:00,1753853400,1824.10,1826.90,1823.60,1826.90,1825.17,23994,0,314827,0
Ok,30-07-2025 10:45:00,1753852500,1812.80,1826.50,1811.70,1824.00,1822.36,44416,0,290833,0
Ok,30-07-2025 10:30:00,1753851600,1811.60,1814.90,1810.50,1812.60,1812.50,30264,0,246417,0
Ok,30-07-2025 10:15:00,1753850700,1814.00,1817.70,1811.10,1811.10,1814.15,41901,0,216153,0
Ok,30-07-2025 10:00:00,1753849800,1815.70,1818.40,1814.00,1814.20,1815.92,33876,0,174252,0
Ok,30-07-2025 09:45:00,1753848900,1816.70,1821.90,1815.70,1816.10,1817.78,35958,0,140376,0
Ok,30-07-2025 09:30:00,1753848000,1819.00,1821.00,1815.30,1817.00,1817.69,49771,0,104418,0
Ok,30-07-2025 09:15:00,1753847100,1834.90,1834.90,1817.60,1819.30,1824.67,54391,0,54647,0
Ok,29-07-2025 15:15:00,1753782300,1827.70,1836.50,1825.10,1836.50,1827.58,24713,0,256,0
Ok,29-07-2025 15:00:00,1753781400,1826.00,1830.00,1825.20,1827.10,1827.11,32634,0,407646,0
Ok,29-07-2025 14:45:00,1753780500,1827.40,1827.90,1823.70,1826.20,1825.55,13995,0,375012,0
Ok,29-07-2025 14:30:00,1753779600,1828.60,1828.80,1823.90,1827.60,1825.88,16104,0,361017,0
Ok,29-07-2025 14:15:00,1753778700,1827.30,1829.30,1826.40,1828.20,1828.03,6444,0,344913,0
Ok,29-07-2025 14:00:00,1753777800,1828.80,1829.00,1825.10,1827.00,1827.16,12684,0,338469,0
Ok,29-07-2025 13:45:00,1753776900,1828.20,1830.00,1825.80,1828.90,1827.97,13319,0,325785,0
Ok,29-07-2025 13:30:00,1753776000,1827.10,1830.00,1827.00,1829.20,1829.09,9946,0,312466,0
Ok,29-07-2025 13:15:00,1753775100,1827.70,1829.90,1827.20,1827.70,1828.26,6711,0,302520,0
Ok,29-07-2025 13:00:00,1753774200,1827.40,1829.30,1826.80,1827.30,1827.57,3081,0,295809,0
Ok,29-07-2025 12:45:00,1753773300,1826.10,1830.10,1825.00,1827.70,1827.33,6258,0,292728,0
Ok,29-07-2025 12:30:00,1753772400,1829.80,1830.00,1826.00,1826.00,1829.31,15400,0,286470,0
Ok,29-07-2025 12:15:00,1753771500,1828.30,1830.30,1828.00,1829.70,1829.71,10594,0,271070,0
Ok,29-07-2025 12:00:00,1753770600,1830.10,1830.50,1828.00,1828.00,1829.17,4261,0,260476,0
Ok,29-07-2025 11:45:00,1753769700,1832.70,1833.00,1830.00,1830.00,1831.93,82147,0,256215,0
Ok,29-07-2025 11:30:00,1753768800,1833.10,1833.10,1826.20,1832.40,1830.78,7999,0,174068,0
Ok,29-07-2025 11:15:00,1753767900,1832.80,1834.50,1832.50,1832.70,1833.39,4465,0,166069,0
Ok,29-07-2025 11:00:00,1753767000,1833.00,1837.40,1831.10,1833.10,1833.81,7384,0,161604,0
Ok,29-07-2025 10:45:00,1753766100,1825.60,1835.70,1825.00,1832.60,1829.82,29232,0,154220,0
Ok,29-07-2025 10:30:00,1753765200,1826.50,1830.00,1821.80,1825.50,1826.06,19772,0,124988,0
Ok,29-07-2025 10:15:00,1753764300,1826.80,1828.90,1826.00,1826.80,1827.42,7957,0,105216,0
Ok,29-07-2025 10:00:00,1753763400,1839.20,1839.40,1826.10,1827.00,1832.18,17687,0,97259,0
Ok,29-07-2025 09:45:00,1753762500,1839.80,1843.00,1834.00,1838.10,1840.16,20427,0,79572,0
Ok,29-07-2025 09:30:00,1753761600,1833.50,1843.70,1833.30,1840.10,1839.22,21798,0,59145,0
Ok,29-07-2025 09:15:00,1753760700,1834.90,1840.80,1827.90,1833.80,1834.72,37347,0,37347,0
Ok,28-07-2025 15:15:00,1753695900,1827.40,1829.00,1822.00,1823.10,1823.68,39351,0,562008,0
Ok,28-07-2025 15:00:00,1753695000,1832.10,1832.40,1827.00,1827.00,1829.15,19823,0,522657,0
Ok,28-07-2025 14:45:00,1753694100,1836.30,1837.50,1832.80,1834.30,1835.26,5780,0,502834,0
Ok,28-07-2025 14:30:00,1753693200,1830.40,1837.40,1829.40,1836.40,1833.24,7845,0,497054,0
Ok,28-07-2025 14:15:00,1753692300,1830.90,1832.70,1829.60,1831.30,1831.44,7197,0,489209,0
Ok,28-07-2025 14:00:00,1753691400,1833.00,1833.00,1828.20,1830.40,1830.33,12064,0,482012,0
Ok,28-07-2025 13:45:00,1753690500,1836.60,1837.80,1832.80,1833.60,1835.75,6749,0,469948,0
Ok,28-07-2025 13:30:00,1753689600,1836.80,1838.10,1834.50,1836.80,1836.47,8216,0,463199,0
Ok,28-07-2025 13:15:00,1753688700,1841.20,1841.20,1836.50,1836.70,1839.28,6341,0,454983,0
Ok,28-07-2025 13:00:00,1753687800,1840.00,1845.10,1837.20,1841.30,1841.33,5375,0,448642,0
Ok,28-07-2025 12:45:00,1753686900,1845.60,1847.00,1839.00,1840.30,1841.23,9342,0,443267,0
Ok,28-07-2025 12:30:00,1753686000,1849.70,1851.90,1845.00,1846.40,1848.89,38872,0,433925,0
Ok,28-07-2025 12:15:00,1753685100,1849.50,1851.10,1847.10,1850.00,1849.02,13241,0,395053,0
Ok,28-07-2025 12:00:00,1753684200,1850.70,1850.70,1845.00,1849.00,1847.41,7307,0,381812,0
Ok,28-07-2025 11:45:00,1753683300,1849.80,1851.20,1847.70,1850.00,1849.59,13664,0,374505,0
Ok,28-07-2025 11:30:00,1753682400,1855.70,1855.70,1850.00,1850.00,1851.45,6991,0,360841,0
Ok,28-07-2025 11:15:00,1753681500,1846.60,1856.60,1845.70,1856.20,1850.00,50977,0,353850,0
Ok,28-07-2025 11:00:00,1753680600,1841.40,1847.40,1840.60,1847.00,1843.17,18553,0,302873,0
Ok,28-07-2025 10:45:00,1753679700,1834.90,1845.50,1833.10,1841.20,1837.60,121266,0,284320,0
Ok,28-07-2025 10:30:00,1753678800,1836.30,1837.80,1832.20,1835.00,1835.51,17688,0,163054,0
Ok,28-07-2025 10:15:00,1753677900,1836.00,1836.90,1834.20,1835.90,1835.85,19449,0,145366,0
Ok,28-07-2025 10:00:00,1753677000,1836.10,1837.50,1830.00,1836.60,1832.44,34920,0,125917,0
Ok,28-07-2025 09:45:00,1753676100,1838.00,1844.30,1835.00,1836.00,1839.08,37222,0,90997,0
Ok,28-07-2025 09:30:00,1753675200,1846.20,1850.00,1839.00,1839.00,1844.17,14945,0,53775,0
Ok,28-07-2025 09:15:00,1753674300,1851.80,1856.90,1840.70,1846.40,1848.62,37903,0,38830,0
